{
    "0": {
        "precision": 0.9630350194552529,
        "recall": 0.99,
        "f1-score": 0.9763313609467456,
        "support": 500.0
    },
    "1": {
        "precision": 0.9822134387351779,
        "recall": 0.994,
        "f1-score": 0.9880715705765407,
        "support": 500.0
    },
    "2": {
        "precision": 0.946360153256705,
        "recall": 0.988,
        "f1-score": 0.9667318982387475,
        "support": 500.0
    },
    "3": {
        "precision": 0.9716024340770791,
        "recall": 0.958,
        "f1-score": 0.9647532729103726,
        "support": 500.0
    },
    "4": {
        "precision": 0.96875,
        "recall": 0.992,
        "f1-score": 0.9802371541501976,
        "support": 500.0
    },
    "5": {
        "precision": 0.9894291754756871,
        "recall": 0.936,
        "f1-score": 0.9619732785200411,
        "support": 500.0
    },
    "6": {
        "precision": 0.9722772277227723,
        "recall": 0.982,
        "f1-score": 0.9771144278606965,
        "support": 500.0
    },
    "7": {
        "precision": 0.9516441005802708,
        "recall": 0.984,
        "f1-score": 0.967551622418879,
        "support": 500.0
    },
    "8": {
        "precision": 0.9915254237288136,
        "recall": 0.936,
        "f1-score": 0.9629629629629629,
        "support": 500.0
    },
    "9": {
        "precision": 0.9711934156378601,
        "recall": 0.944,
        "f1-score": 0.9574036511156186,
        "support": 500.0
    },
    "accuracy": 0.9704,
    "macro avg": {
        "precision": 0.9708030388669618,
        "recall": 0.9704,
        "f1-score": 0.9703131199700804,
        "support": 5000.0
    },
    "weighted avg": {
        "precision": 0.9708030388669618,
        "recall": 0.9704,
        "f1-score": 0.9703131199700803,
        "support": 5000.0
    }
}